window_id,dimension,category,share,reference_share,shift_pp,jsd
2016-01,purpose,car,0.01072814425930153,0.011510327022375215,-0.07821827630736852,0.002231541921301244
2016-01,purpose,credit_card,0.26238301757589594,0.2133295085102314,4.9053509065664525,0.002231541921301244
2016-01,purpose,debt_consolidation,0.5571787263181922,0.5690380569898642,-1.1859330671671997,0.002231541921301244
2016-01,purpose,home_improvement,0.06003195617438941,0.07349636641805317,-1.3464410243663758,0.002231541921301244
2016-01,purpose,house,0.0038803926044282126,0.0048407917383821,-0.09603991339538873,0.002231541921301244
2016-01,purpose,major_purchase,0.01974435060488473,0.025088449034232168,-0.5344098429347438,0.002231541921301244
2016-01,purpose,medical,0.011070531842045195,0.012024287626697265,-0.09537557846520696,0.002231541921301244
2016-01,purpose,moving,0.005934718100890208,0.007398642187798814,-0.14639240869086062,0.002231541921301244
2016-01,purpose,other,0.052955946131020316,0.06467536813922356,-1.1719422008203244,0.002231541921301244
2016-01,purpose,renewable_energy,0.0005706459712394431,0.0006693440428380187,-0.009869807159857562,0.002231541921301244
2016-01,purpose,small_business,0.009586852316822643,0.010386785236182826,-0.07999329193601831,0.002231541921301244
2016-01,purpose,vacation,0.005934718100890208,0.007542073054121247,-0.16073549532310394,0.002231541921301244
2016-01,home_ownership,MORTGAGE,0.5036521342159325,0.4977409638554217,0.5911170360510754,0.00010846291057111301
2016-01,home_ownership,OTHER,0.0,0.00015538343851596864,-0.015538343851596864,0.00010846291057111301
2016-01,home_ownership,OWN,0.12485733850719014,0.12099588831516542,0.3861450192024718,0.00010846291057111301
2016-01,home_ownership,RENT,0.3714905272768774,0.38110776439089694,-0.9617237114019517,0.00010846291057111301
2016-01,term, 36 months,0.8116868294909838,0.8094520940906483,0.22347354003354747,4.065594563299347e-06
2016-01,term, 60 months,0.18831317050901622,0.1905479059093517,-0.22347354003354747,4.065594563299347e-06
2016-01,application_type,Individual,0.9890435973522027,0.9814735131000192,0.7570084252183529,0.0004986831192973719
2016-01,application_type,Joint App,0.010956402647797306,0.018526486899980876,-0.7570084252183571,0.0004986831192973719
2016-02,purpose,car,0.00988049308365484,0.011510327022375215,-0.16298339387203747,0.0016059097566178955
2016-02,purpose,credit_card,0.25341112261221416,0.2133295085102314,4.008161410198275,0.0016059097566178955
2016-02,purpose,debt_consolidation,0.5594241084031241,0.5690380569898642,-0.961394858674014,0.0016059097566178955
2016-02,purpose,home_improvement,0.06464665474734167,0.07349636641805317,-0.8849711670711496,0.0016059097566178955
2016-02,purpose,house,0.0037639973652018443,0.0048407917383821,-0.10767943731802557,0.0016059097566178955
2016-02,purpose,major_purchase,0.023054483861861298,0.025088449034232168,-0.20339651723708696,0.0016059097566178955
2016-02,purpose,medical,0.01063329255669521,0.012024287626697265,-0.1390995070002055,0.0016059097566178955
2016-02,purpose,moving,0.005363696245412628,0.007398642187798814,-0.20349459423861863,0.0016059097566178955
2016-02,purpose,other,0.0532605627176061,0.06467536813922356,-1.1414805421617462,0.0016059097566178955
2016-02,purpose,renewable_energy,0.000846899407170415,0.0006693440428380187,0.01775553643323963,0.0016059097566178955
2016-02,purpose,small_business,0.010539192622565164,0.010386785236182826,0.015240738638233782,0.0016059097566178955
2016-02,purpose,vacation,0.005175496377152536,0.007542073054121247,-0.23665766769687116,0.0016059097566178955
2016-02,home_ownership,MORTGAGE,0.49647125247012325,0.4977409638554217,-0.12697113852984665,5.4906933122337014e-05
2016-02,home_ownership,OTHER,0.0,0.00015538343851596864,-0.015538343851596864,5.4906933122337014e-05
2016-02,home_ownership,OWN,0.1210125152912393,0.12099588831516542,0.0016626976073880195,5.4906933122337014e-05
2016-02,home_ownership,RENT,0.38251623223863745,0.38110776439089694,0.14084678477405133,5.4906933122337014e-05
2016-02,term, 36 months,0.826667921332455,0.8094520940906483,1.7215827241806703,0.0002489926747303887
2016-02,term, 60 months,0.17333207866754494,0.1905479059093517,-1.7215827241806758,0.0002489926747303887
2016-02,application_type,Individual,0.9807095135033406,0.9814735131000192,-0.07639995966786106,3.933317171093173e-06
2016-02,application_type,Joint App,0.019290486496659452,0.018526486899980876,0.07639995966785759,3.933317171093173e-06
2016-03,purpose,car,0.008921384491548163,0.011510327022375215,-0.2588942530827053,0.0003627453122765858
2016-03,purpose,credit_card,0.2273276093372686,0.2133295085102314,1.3998100827037174,0.0003627453122765858
2016-03,purpose,debt_consolidation,0.5624496914408371,0.5690380569898642,-0.6588365549027086,0.0003627453122765858
2016-03,purpose,home_improvement,0.07653608800643949,0.07349636641805317,0.3039721588386321,0.0003627453122765858
2016-03,purpose,house,0.004829621679635095,0.0048407917383821,-0.0011170058747005107,0.0003627453122765858
2016-03,purpose,major_purchase,0.023074859136034343,0.025088449034232168,-0.20135898981978248,0.0003627453122765858
2016-03,purpose,medical,0.010933726858062785,0.012024287626697265,-0.10905607686344798,0.0003627453122765858
2016-03,purpose,moving,0.005969949020660048,0.007398642187798814,-0.14286931671387665,0.0003627453122765858
2016-03,purpose,other,0.06198014488865039,0.06467536813922356,-0.269522325057317,0.0003627453122765858
2016-03,purpose,renewable_energy,0.00033539039441910385,0.0006693440428380187,-0.033395364841891484,0.0003627453122765858
2016-03,purpose,small_business,0.011202039173598069,0.010386785236182826,0.08152539374152429,0.0003627453122765858
2016-03,purpose,vacation,0.006439495572846793,0.007542073054121247,-0.11025774812744539,0.0003627453122765858
2016-03,home_ownership,MORTGAGE,0.4887979608264019,0.4977409638554217,-0.8943003029019791,9.597786473218095e-05
2016-03,home_ownership,OTHER,0.0,0.00015538343851596864,-0.015538343851596864,9.597786473218095e-05
2016-03,home_ownership,OWN,0.12214918164743761,0.12099588831516542,0.11532933322721955,9.597786473218095e-05
2016-03,home_ownership,RENT,0.3890528575261605,0.38110776439089694,0.7945093135263537,9.597786473218095e-05
2016-03,term, 36 months,0.8083579286289241,0.8094520940906483,-0.10941654617242502,9.68121084701898e-07
2016-03,term, 60 months,0.19164207137107594,0.1905479059093517,0.10941654617242502,9.68121084701898e-07
2016-03,application_type,Individual,0.9757177354440569,0.9814735131000192,-0.5755777655962246,0.00019828969565738016
2016-03,application_type,Joint App,0.02428226455594312,0.018526486899980876,0.5755777655962243,0.00019828969565738016
2016-04,purpose,car,0.013462873004857738,0.011510327022375215,0.19525459824825225,0.00032093330917223184
2016-04,purpose,credit_card,0.20846634281748785,0.2133295085102314,-0.48631656927435596,0.00032093330917223184
2016-04,purpose,debt_consolidation,0.561970853573907,0.5690380569898642,-0.7067203415957235,0.00032093330917223184
2016-04,purpose,home_improvement,0.07453157529493408,0.07349636641805317,0.10352088768809109,0.00032093330917223184
2016-04,purpose,house,0.006523247744621791,0.0048407917383821,0.16824560062396907,0.00032093330917223184
2016-04,purpose,major_purchase,0.025954198473282442,0.025088449034232168,0.08657494390502743,0.00032093330917223184
2016-04,purpose,medical,0.011103400416377515,0.012024287626697265,-0.09208872103197499,0.00032093330917223184
2016-04,purpose,moving,0.006384455239417071,0.007398642187798814,-0.10141869483817431,0.00032093330917223184
2016-04,purpose,other,0.07272727272727272,0.06467536813922356,0.8051904588049164,0.00032093330917223184
2016-04,purpose,renewable_energy,0.0009715475364330327,0.0006693440428380187,0.030220349359501394,0.00032093330917223184
2016-04,purpose,small_business,0.011380985426786953,0.010386785236182826,0.09942001906041269,0.00032093330917223184
2016-04,purpose,vacation,0.006523247744621791,0.007542073054121247,-0.10188253094994565,0.00032093330917223184
2016-04,home_ownership,MORTGAGE,0.4860513532269257,0.4977409638554217,-1.1689610628495994,0.0002264356316684357
2016-04,home_ownership,OTHER,0.0,0.00015538343851596864,-0.015538343851596864,0.0002264356316684357
2016-04,home_ownership,OWN,0.13282442748091602,0.12099588831516542,1.1828539165750607,0.0002264356316684357
2016-04,home_ownership,RENT,0.38112421929215823,0.38110776439089694,0.0016454901261286903,0.0002264356316684357
2016-04,term, 36 months,0.8145732130464954,0.8094520940906483,0.5121118955847104,2.147629530505871e-05
2016-04,term, 60 months,0.1854267869535045,0.1905479059093517,-0.5121118955847187,2.147629530505871e-05
2016-04,application_type,Individual,0.9861207494795281,0.9814735131000192,0.46472363795089233,0.0001699324195659558
2016-04,application_type,Joint App,0.013879250520471894,0.018526486899980876,-0.4647236379508982,0.0001699324195659558
2016-05,purpose,car,0.012724550898203593,0.011510327022375215,0.12142238758283772,0.0007641958375413951
2016-05,purpose,credit_card,0.19086826347305388,0.2133295085102314,-2.246124503717753,0.0007641958375413951
2016-05,purpose,debt_consolidation,0.5686751497005988,0.5690380569898642,-0.03629072892653573,0.0007641958375413951
2016-05,purpose,home_improvement,0.08551646706586827,0.07349636641805317,1.20201006478151,0.0007641958375413951
2016-05,purpose,house,0.005052395209580838,0.0048407917383821,0.021160347119873833,0.0007641958375413951
2016-05,purpose,major_purchase,0.02881736526946108,0.025088449034232168,0.3728916235228912,0.0007641958375413951
2016-05,purpose,medical,0.012911676646706586,0.012024287626697265,0.08873890200093212,0.0007641958375413951
2016-05,purpose,moving,0.006923652694610778,0.007398642187798814,-0.047498949318803586,0.0007641958375413951
2016-05,purpose,other,0.0658682634730539,0.06467536813922356,0.11928953338303377,0.0007641958375413951
2016-05,purpose,renewable_energy,0.0007485029940119761,0.0006693440428380187,0.007915895117395738,0.0007641958375413951
2016-05,purpose,small_business,0.013847305389221557,0.010386785236182826,0.3460520153038731,0.0007641958375413951
2016-05,purpose,vacation,0.008046407185628742,0.007542073054121247,0.05043341315074945,0.0007641958375413951
2016-05,home_ownership,MORTGAGE,0.5054266467065869,0.4977409638554217,0.7685682851165165,0.0001301531344869925
2016-05,home_ownership,OTHER,0.0,0.00015538343851596864,-0.015538343851596864,0.0001301531344869925
2016-05,home_ownership,OWN,0.11339820359281437,0.12099588831516542,-0.7597684722351048,0.0001301531344869925
2016-05,home_ownership,RENT,0.3811751497005988,0.38110776439089694,0.006738530970185064,0.0001301531344869925
2016-05,term, 36 months,0.8149326347305389,0.8094520940906483,0.5480540639890563,2.461485840465124e-05
2016-05,term, 60 months,0.18506736526946108,0.1905479059093517,-0.5480540639890619,2.461485840465124e-05
2016-05,application_type,Individual,0.9756736526946108,0.9814735131000192,-0.5799860405408364,0.0002011440496121051
2016-05,application_type,Joint App,0.024326347305389222,0.018526486899980876,0.5799860405408346,0.0002011440496121051
2016-06,purpose,car,0.012607079359948278,0.011510327022375215,0.10967523375730627,0.001518543147011992
2016-06,purpose,credit_card,0.1845805721674479,0.2133295085102314,-2.8748936342783526,0.001518543147011992
2016-06,purpose,debt_consolidation,0.5626313237433328,0.5690380569898642,-0.6406733246531404,0.001518543147011992
2016-06,purpose,home_improvement,0.08792629707451108,0.07349636641805317,1.442993065645791,0.001518543147011992
2016-06,purpose,house,0.006626798125101019,0.0048407917383821,0.17860063867189188,0.001518543147011992
2016-06,purpose,major_purchase,0.03103281073218038,0.025088449034232168,0.5944361697948212,0.001518543147011992
2016-06,purpose,medical,0.016971068369161145,0.012024287626697265,0.494678074246388,0.001518543147011992
2016-06,purpose,moving,0.010182641021496687,0.007398642187798814,0.2783998833697873,0.001518543147011992
2016-06,purpose,other,0.06885404881202521,0.06467536813922356,0.4178680672801652,0.001518543147011992
2016-06,purpose,renewable_energy,0.0003232584451268789,0.0006693440428380187,-0.03460855977111398,0.001518543147011992
2016-06,purpose,small_business,0.00937449490867949,0.010386785236182826,-0.1012290327503336,0.001518543147011992
2016-06,purpose,vacation,0.00888960724098917,0.007542073054121247,0.1347534186867923,0.001518543147011992
2016-06,home_ownership,MORTGAGE,0.49038306125747533,0.4977409638554217,-0.7357902597946386,9.525888992954193e-05
2016-06,home_ownership,OTHER,0.0,0.00015538343851596864,-0.015538343851596864,9.525888992954193e-05
2016-06,home_ownership,OWN,0.1196056246969452,0.12099588831516542,-0.13902636182202138,9.525888992954193e-05
2016-06,home_ownership,RENT,0.3900113140455794,0.38110776439089694,0.8903549654682485,9.525888992954193e-05
2016-06,term, 36 months,0.7911750444480362,0.8094520940906483,-1.827704964261212,0.00026135857558099145
2016-06,term, 60 months,0.2088249555519638,0.1905479059093517,1.8277049642612093,0.00026135857558099145
2016-06,application_type,Individual,0.9946662356554065,0.9814735131000192,1.3192722555387282,0.001952227866122023
2016-06,application_type,Joint App,0.0053337643445935026,0.018526486899980876,-1.3192722555387373,0.001952227866122023
2016-07,purpose,car,0.013632286995515695,0.011510327022375215,0.21219599731404792,0.0011571639999591148
2016-07,purpose,credit_card,0.18439461883408073,0.2133295085102314,-2.893488967615068,0.0011571639999591148
2016-07,purpose,debt_consolidation,0.5874439461883408,0.5690380569898642,1.8405889198476633,0.0011571639999591148
2016-07,purpose,home_improvement,0.07856502242152466,0.07349636641805317,0.5068656003471492,0.0011571639999591148
2016-07,purpose,house,0.005022421524663677,0.0048407917383821,0.018162978628157717,0.0011571639999591148
2016-07,purpose,major_purchase,0.0242152466367713,0.025088449034232168,-0.08732023974608663,0.0011571639999591148
2016-07,purpose,medical,0.010941704035874439,0.012024287626697265,-0.10825835908228262,0.0011571639999591148
2016-07,purpose,moving,0.01147982062780269,0.007398642187798814,0.4081178440003876,0.0011571639999591148
2016-07,purpose,other,0.06331838565022421,0.06467536813922356,-0.13569824889993476,0.0011571639999591148
2016-07,purpose,renewable_energy,0.00035874439461883406,0.0006693440428380187,-0.031059964821918466,0.0011571639999591148
2016-07,purpose,small_business,0.009327354260089685,0.010386785236182826,-0.10594309760931404,0.0011571639999591148
2016-07,purpose,vacation,0.011300448430493274,0.007542073054121247,0.3758375376372027,0.0011571639999591148
2016-07,home_ownership,MORTGAGE,0.49524663677130043,0.4977409638554217,-0.2494327084121284,7.094101926158043e-05
2016-07,home_ownership,OTHER,0.0,0.00015538343851596864,-0.015538343851596864,7.094101926158043e-05
2016-07,home_ownership,OWN,0.12484304932735427,0.12099588831516542,0.3847161012188849,7.094101926158043e-05
2016-07,home_ownership,RENT,0.3799103139013453,0.38110776439089694,-0.11974504895516658,7.094101926158043e-05
2016-07,term, 36 months,0.7829596412556054,0.8094520940906483,-2.649245283504298,0.0005409849781775316
2016-07,term, 60 months,0.21704035874439462,0.1905479059093517,2.6492452835042926,0.0005409849781775316
2016-07,application_type,Individual,0.9998206278026905,0.9814735131000192,1.8347114702671363,0.0060193940968493904
2016-07,application_type,Joint App,0.00017937219730941703,0.018526486899980876,-1.834711470267146,0.0060193940968493904
2016-08,purpose,car,0.012464387464387465,0.011510327022375215,0.09540604420122493,0.0007890425481967456
2016-08,purpose,credit_card,0.19337606837606838,0.2133295085102314,-1.995344013416303,0.0007890425481967456
2016-08,purpose,debt_consolidation,0.5781695156695157,0.5690380569898642,0.9131458679651483,0.0007890425481967456
2016-08,purpose,home_improvement,0.07051282051282051,0.07349636641805317,-0.2983545905232657,0.0007890425481967456
2016-08,purpose,house,0.005698005698005698,0.0048407917383821,0.08572139596235984,0.0007890425481967456
2016-08,purpose,major_purchase,0.029024216524216523,0.025088449034232168,0.3935767489984355,0.0007890425481967456
2016-08,purpose,medical,0.009793447293447293,0.012024287626697265,-0.22308403332499724,0.0007890425481967456
2016-08,purpose,moving,0.011574074074074073,0.007398642187798814,0.41754318862752593,0.0007890425481967456
2016-08,purpose,other,0.07033475783475783,0.06467536813922356,0.5659389695534269,0.0007890425481967456
2016-08,purpose,renewable_energy,0.0005341880341880342,0.0006693440428380187,-0.013515600864998447,0.0007890425481967456
2016-08,purpose,small_business,0.009259259259259259,0.010386785236182826,-0.11275259769235671,0.0007890425481967456
2016-08,purpose,vacation,0.009259259259259259,0.007542073054121247,0.17171862051380116,0.0007890425481967456
2016-08,home_ownership,MORTGAGE,0.49216524216524216,0.4977409638554217,-0.5575721690179558,9.975623813215847e-05
2016-08,home_ownership,OTHER,0.0,0.00015538343851596864,-0.015538343851596864,9.975623813215847e-05
2016-08,home_ownership,OWN,0.12713675213675213,0.12099588831516542,0.6140863821586712,9.975623813215847e-05
2016-08,home_ownership,RENT,0.3806980056980057,0.38110776439089694,-0.04097586928912267,9.975623813215847e-05
2016-08,term, 36 months,0.8112535612535613,0.8094520940906483,0.1801467162912962,2.639632883491463e-06
2016-08,term, 60 months,0.18874643874643873,0.1905479059093517,-0.1801467162912962,2.639632883491463e-06
2016-08,application_type,Individual,0.9976851851851852,0.9814735131000192,1.6211672085166051,0.0036221065289672983
2016-08,application_type,Joint App,0.0023148148148148147,0.018526486899980876,-1.6211672085166062,0.0036221065289672983
2016-09,purpose,car,0.014141414141414142,0.011510327022375215,0.2631087119038927,0.0012219863909575378
2016-09,purpose,credit_card,0.18249158249158248,0.2133295085102314,-3.083792601864893,0.0012219863909575378
2016-09,purpose,debt_consolidation,0.5708193041526375,0.5690380569898642,0.17812471627732807,0.0012219863909575378
2016-09,purpose,home_improvement,0.07901234567901234,0.07349636641805317,0.5515979260959175,0.0012219863909575378
2016-09,purpose,house,0.005611672278338945,0.0048407917383821,0.07708805399568447,0.0012219863909575378
2016-09,purpose,major_purchase,0.02536475869809203,0.025088449034232168,0.02763096638598618,0.0012219863909575378
2016-09,purpose,medical,0.01526374859708193,0.012024287626697265,0.32394609703846644,0.0012219863909575378
2016-09,purpose,moving,0.009427609427609427,0.007398642187798814,0.2028967239810613,0.0012219863909575378
2016-09,purpose,other,0.07721661054994389,0.06467536813922356,1.2541242410720326,0.0012219863909575378
2016-09,purpose,renewable_energy,0.0006734006734006734,0.0006693440428380187,0.000405663056265472,0.0012219863909575378
2016-09,purpose,small_business,0.010549943883277216,0.010386785236182826,0.016315864709439028,0.0012219863909575378
2016-09,purpose,vacation,0.009427609427609427,0.007542073054121247,0.18855363734881797,0.0012219863909575378
2016-09,home_ownership,MORTGAGE,0.49584736251402917,0.4977409638554217,-0.1893601341392548,4.956839480980144e-06
2016-09,home_ownership,OTHER,0.0002244668911335578,0.00015538343851596864,0.006908345261758916,4.956839480980144e-06
2016-09,home_ownership,OWN,0.12166105499438833,0.12099588831516542,0.06651666792229088,4.956839480980144e-06
2016-09,home_ownership,RENT,0.38226711560044896,0.38110776439089694,0.11593512095520175,4.956839480980144e-06
2016-09,term, 36 months,0.7995510662177329,0.8094520940906483,-0.9901027872915469,7.791809213179846e-05
2016-09,term, 60 months,0.2004489337822671,0.1905479059093517,0.9901027872915413,7.791809213179846e-05
2016-09,application_type,Individual,0.9860830527497194,0.9814735131000192,0.4609539649700234,0.00016698514723484923
2016-09,application_type,Joint App,0.013916947250280583,0.018526486899980876,-0.4609539649700293,0.00016698514723484923
2016-10,purpose,car,0.013775204631663006,0.011510327022375215,0.22648776092877906,0.0009992622098124108
2016-10,purpose,credit_card,0.18466759832301857,0.2133295085102314,-2.8661910187212842,0.0009992622098124108
2016-10,purpose,debt_consolidation,0.5861449391096027,0.5690380569898642,1.7106882119738542,0.0009992622098124108
2016-10,purpose,home_improvement,0.07386703932920742,0.07349636641805317,0.03706729111542517,0.0009992622098124108
2016-10,purpose,house,0.0027949690556997404,0.0048407917383821,-0.20458226826823595,0.0009992622098124108
2016-10,purpose,major_purchase,0.026152924735476143,0.025088449034232168,0.10644757012439748,0.0009992622098124108
2016-10,purpose,medical,0.012377720103813137,0.012024287626697265,0.035343247711587186,0.0009992622098124108
2016-10,purpose,moving,0.007187063286085047,0.007398642187798814,-0.021157890171376748,0.0009992622098124108
2016-10,purpose,other,0.07346775803553604,0.06467536813922356,0.879238989631248,0.0009992622098124108
2016-10,purpose,renewable_energy,0.0011978438810141745,0.0006693440428380187,0.052849983817615576,0.0009992622098124108
2016-10,purpose,small_business,0.0093831104012777,0.010386785236182826,-0.10036748349051255,0.0009992622098124108
2016-10,purpose,vacation,0.008983829107606308,0.007542073054121247,0.14417560534850607,0.0009992622098124108
2016-10,home_ownership,MORTGAGE,0.5226592134158514,0.4977409638554217,2.4918249560429704,0.0003761276153293031
2016-10,home_ownership,OTHER,0.0,0.00015538343851596864,-0.015538343851596864,0.0003761276153293031
2016-10,home_ownership,OWN,0.11199840287482532,0.12099588831516542,-0.8997485440340097,0.0003761276153293031
2016-10,home_ownership,RENT,0.3653423837093232,0.38110776439089694,-1.5765380681573737,0.0003761276153293031
2016-10,term, 36 months,0.8073467758035536,0.8094520940906483,-0.2105318287094704,3.577046135623042e-06
2016-10,term, 60 months,0.1926532241964464,0.1905479059093517,0.2105318287094704,3.577046135623042e-06
2016-10,application_type,Individual,0.9672589339189459,0.9814735131000192,-1.4214579181073272,0.0010242435353429564
2016-10,application_type,Joint App,0.0327410660810541,0.018526486899980876,1.4214579181073224,0.0010242435353429564
2016-11,purpose,car,0.010144045445323595,0.011510327022375215,-0.13662815770516204,0.000455090250926102
2016-11,purpose,credit_card,0.2006492189085007,0.2133295085102314,-1.2680289601730705,0.000455090250926102
2016-11,purpose,debt_consolidation,0.5879488740109555,0.5690380569898642,1.891081702109132,0.000455090250926102
2016-11,purpose,home_improvement,0.06918238993710692,0.07349636641805317,-0.4313976480946252,0.000455090250926102
2016-11,purpose,house,0.003854737269222966,0.0048407917383821,-0.0986054469159134,0.000455090250926102
2016-11,purpose,major_purchase,0.025360113613308987,0.025088449034232168,0.027166457907681907,0.000455090250926102
2016-11,purpose,medical,0.013390139987827145,0.012024287626697265,0.136585236112988,0.000455090250926102
2016-11,purpose,moving,0.006695069993913573,0.007398642187798814,-0.07035721938852416,0.000455090250926102
2016-11,purpose,other,0.06613917630350984,0.06467536813922356,0.1463808164286276,0.000455090250926102
2016-11,purpose,renewable_energy,0.0016230472712517752,0.0006693440428380187,0.09537032284137566,0.000455090250926102
2016-11,purpose,small_business,0.008723879082978291,0.010386785236182826,-0.16629061532045347,0.000455090250926102
2016-11,purpose,vacation,0.006289308176100629,0.007542073054121247,-0.1252764878020618,0.000455090250926102
2016-11,home_ownership,MORTGAGE,0.5313451004260499,0.4977409638554217,3.360413657062816,0.0006302543576094024
2016-11,home_ownership,OTHER,0.0002028809089064719,0.00015538343851596864,0.004749747039050327,0.0006302543576094024
2016-11,home_ownership,OWN,0.10651247717589775,0.12099588831516542,-1.4483411139267668,0.0006302543576094024
2016-11,home_ownership,RENT,0.36193954148914587,0.38110776439089694,-1.9168222901751075,0.0006302543576094024
2016-11,term, 36 months,0.8123351592615135,0.8094520940906483,0.2883065170865118,6.775671360379387e-06
2016-11,term, 60 months,0.18766484073848652,0.1905479059093517,-0.28830651708651733,6.775671360379387e-06
2016-11,application_type,Individual,0.9610468654899574,0.9814735131000192,-2.0426647610061743,0.0019087338031160564
2016-11,application_type,Joint App,0.038953134510042606,0.018526486899980876,2.042664761006173,0.0019087338031160564
2016-12,purpose,car,0.011888250445809392,0.011510327022375215,0.03779234234341771,0.000626318123650778
2016-12,purpose,credit_card,0.1906082821478106,0.2133295085102314,-2.2721226362420825,0.000626318123650778
2016-12,purpose,debt_consolidation,0.5801466217554984,0.5690380569898642,1.1108564765634155,0.000626318123650778
2016-12,purpose,home_improvement,0.07132950267485635,0.07349636641805317,-0.21668637431968146,0.000626318123650778
2016-12,purpose,house,0.00515157519318407,0.0048407917383821,0.031078345480196976,0.000626318123650778
2016-12,purpose,major_purchase,0.027144838517931445,0.025088449034232168,0.20563894836992774,0.000626318123650778
2016-12,purpose,medical,0.013275212997820487,0.012024287626697265,0.12509253711232224,0.000626318123650778
2016-12,purpose,moving,0.006934812760055479,0.007398642187798814,-0.04638294277433354,0.000626318123650778
2016-12,purpose,other,0.07311274024172776,0.06467536813922356,0.8437372102504198,0.000626318123650778
2016-12,purpose,renewable_energy,0.00039627501486031304,0.0006693440428380187,-0.02730690279777057,0.000626318123650778
2016-12,purpose,small_business,0.010105012878937983,0.010386785236182826,-0.028177235724484266,0.000626318123650778
2016-12,purpose,vacation,0.009906875371507827,0.007542073054121247,0.23648023173865798,0.000626318123650778
2016-12,home_ownership,MORTGAGE,0.4872201307707549,0.4977409638554217,-1.0520833084666836,0.0006548393707977965
2016-12,home_ownership,OTHER,0.002179512581731722,0.00015538343851596864,0.20241291432157535,0.0006548393707977965
2016-12,home_ownership,OWN,0.11511789181692095,0.12099588831516542,-0.587799649824447,0.0006548393707977965
2016-12,home_ownership,RENT,0.3954824648305924,0.38110776439089694,1.4374700439695465,0.0006548393707977965
2016-12,term, 36 months,0.8171190806419655,0.8094520940906483,0.7666986551317145,4.839089066045114e-05
2016-12,term, 60 months,0.18288091935803447,0.1905479059093517,-0.7666986551317229,4.839089066045114e-05
2016-12,application_type,Individual,0.9619575985734099,0.9814735131000192,-1.951591452660928,0.0017673015179864313
2016-12,application_type,Joint App,0.03804240142659005,0.018526486899980876,1.9515914526609175,0.0017673015179864313
2017-01,purpose,car,0.013827044762127958,0.011510327022375215,0.23167177397527428,0.0008061666860766335
2017-01,purpose,credit_card,0.20623388797750175,0.2133295085102314,-0.7095620532729663,0.0008061666860766335
2017-01,purpose,debt_consolidation,0.5765174595734708,0.5690380569898642,0.7479402583606576,0.0008061666860766335
2017-01,purpose,home_improvement,0.06561987344738693,0.07349636641805317,-0.787649297066624,0.0008061666860766335
2017-01,purpose,house,0.006796344035622217,0.0048407917383821,0.19555522972401174,0.0008061666860766335
2017-01,purpose,major_purchase,0.019217248652449028,0.025088449034232168,-0.5871200381783139,0.0008061666860766335
2017-01,purpose,medical,0.013592688071244434,0.012024287626697265,0.15684004445471691,0.0008061666860766335
2017-01,purpose,moving,0.009374267635340989,0.007398642187798814,0.19756254475421742,0.0008061666860766335
2017-01,purpose,other,0.06421373330208577,0.06467536813922356,-0.04616348371377921,0.0008061666860766335
2017-01,purpose,renewable_energy,0.00046871338176704945,0.0006693440428380187,-0.020063066107096926,0.0008061666860766335
2017-01,purpose,small_business,0.014061401453011484,0.010386785236182826,0.3674616216828658,0.0008061666860766335
2017-01,purpose,vacation,0.010077337707991563,0.007542073054121247,0.2535264653870316,0.0008061666860766335
2017-01,home_ownership,MORTGAGE,0.5193344269978908,0.4977409638554217,2.159346314246907,0.004526325997497634
2017-01,home_ownership,OTHER,0.01288961799859386,0.00015538343851596864,1.273423456007789,0.004526325997497634
2017-01,home_ownership,OWN,0.11506913522381064,0.12099588831516542,-0.5926753091354777,0.004526325997497634
2017-01,home_ownership,RENT,0.3527068197797047,0.38110776439089694,-2.8400944611192247,0.004526325997497634
2017-01,term, 36 months,0.8188422779470353,0.8094520940906483,0.9390183856387013,7.284910171360048e-05
2017-01,term, 60 months,0.18115772205296463,0.1905479059093517,-0.9390183856387069,7.284910171360048e-05
2017-01,application_type,Individual,0.9643777829857042,0.9814735131000192,-1.7095730114314978,0.0014102698745015528
2017-01,application_type,Joint App,0.03562221701429576,0.018526486899980876,1.709573011431488,0.0014102698745015528
2017-02,purpose,car,0.011376564277588168,0.011510327022375215,-0.013376274478704708,0.00041210471290741506
2017-02,purpose,credit_card,0.21473265073947667,0.2133295085102314,0.14031422292452578,0.00041210471290741506
2017-02,purpose,debt_consolidation,0.5728100113765643,0.5690380569898642,0.37719543867000827,0.00041210471290741506
2017-02,purpose,home_improvement,0.07394766780432309,0.07349636641805317,0.045130138626992,0.00041210471290741506
2017-02,purpose,house,0.005119453924914676,0.0048407917383821,0.027866218653257568,0.00041210471290741506
2017-02,purpose,major_purchase,0.020762229806598406,0.025088449034232168,-0.4326219227633762,0.00041210471290741506
2017-02,purpose,medical,0.016211604095563138,0.012024287626697265,0.4187316468865873,0.00041210471290741506
2017-02,purpose,moving,0.005972696245733789,0.007398642187798814,-0.14259459420650256,0.00041210471290741506
2017-02,purpose,other,0.06143344709897611,0.06467536813922356,-0.3241921040247453,0.00041210471290741506
2017-02,purpose,renewable_energy,0.0005688282138794084,0.0006693440428380187,-0.010051582895861033,0.00041210471290741506
2017-02,purpose,small_business,0.008248009101251423,0.010386785236182826,-0.2138776134931403,0.00041210471290741506
2017-02,purpose,vacation,0.00881683731513083,0.007542073054121247,0.12747642610095833,0.00041210471290741506
2017-02,home_ownership,MORTGAGE,0.5321387940841866,0.4977409638554217,3.439783022876491,0.0006807071368022553
2017-02,home_ownership,OTHER,0.0,0.00015538343851596864,-0.015538343851596864,0.0006807071368022553
2017-02,home_ownership,OWN,0.11774744027303755,0.12099588831516542,-0.32484480421278716,0.0006807071368022553
2017-02,home_ownership,RENT,0.3501137656427759,0.38110776439089694,-3.099399874812103,0.0006807071368022553
2017-02,term, 36 months,0.8074516496018203,0.8094520940906483,-0.20004444888280792,3.230223375073546e-06
2017-02,term, 60 months,0.19254835039817975,0.1905479059093517,0.20004444888280515,3.230223375073546e-06
2017-02,application_type,Individual,0.9641638225255973,0.9814735131000192,-1.7309690574421888,0.0014406829941541002
2017-02,application_type,Joint App,0.03583617747440273,0.018526486899980876,1.7309690574421852,0.0014406829941541002
2017-03,purpose,car,0.0133422281521014,0.011510327022375215,0.1831901129726185,0.000654991561507398
2017-03,purpose,credit_card,0.20858350011118523,0.2133295085102314,-0.4746008399046181,0.000654991561507398
2017-03,purpose,debt_consolidation,0.5514787636201912,0.5690380569898642,-1.755929336967299,0.000654991561507398
2017-03,purpose,home_improvement,0.08605737158105403,0.07349636641805317,1.2561005163000862,0.000654991561507398
2017-03,purpose,house,0.00378029797642873,0.0048407917383821,-0.10604937619533698,0.000654991561507398
2017-03,purpose,major_purchase,0.027129197242606182,0.025088449034232168,0.20407482083740144,0.000654991561507398
2017-03,purpose,medical,0.01289748721369802,0.012024287626697265,0.08731995870007551,0.000654991561507398
2017-03,purpose,moving,0.00689348454525239,0.007398642187798814,-0.05051576425464241,0.000654991561507398
2017-03,purpose,other,0.066711140760507,0.06467536813922356,0.20357726212834465,0.000654991561507398
2017-03,purpose,renewable_energy,0.00177896375361352,0.0006693440428380187,0.11096197107755014,0.000654991561507398
2017-03,purpose,small_business,0.01156326439848788,0.010386785236182826,0.11764791623050541,0.000654991561507398
2017-03,purpose,vacation,0.009784300644874361,0.007542073054121247,0.22422275907531142,0.000654991561507398
2017-03,home_ownership,MORTGAGE,0.5363575717144763,0.4977409638554217,3.8616607859054577,0.0008389161834295132
2017-03,home_ownership,OTHER,0.0,0.00015538343851596864,-0.015538343851596864,0.0008389161834295132
2017-03,home_ownership,OWN,0.11696686680008894,0.12099588831516542,-0.4029021515076475,0.0008389161834295132
2017-03,home_ownership,RENT,0.3466755614854347,0.38110776439089694,-3.443220290546223,0.0008389161834295132
2017-03,term, 36 months,0.8023126528796976,0.8094520940906483,-0.7139441210950781,4.0730695998663106e-05
2017-03,term, 60 months,0.19768734712030242,0.1905479059093517,0.7139441210950725,4.0730695998663106e-05
2017-03,application_type,Individual,0.9588614631976874,0.9814735131000192,-2.261204990233179,0.002262757864102247
2017-03,application_type,Joint App,0.04113853680231265,0.018526486899980876,2.2612049902331774,0.002262757864102247
2017-04,purpose,car,0.014259708737864078,0.011510327022375215,0.2749381715488863,0.001111815456306722
2017-04,purpose,credit_card,0.2020631067961165,0.2133295085102314,-1.1266401714114915,0.001111815456306722
2017-04,purpose,debt_consolidation,0.5585558252427184,0.5690380569898642,-1.0482231747145798,0.001111815456306722
2017-04,purpose,home_improvement,0.09648058252427184,0.07349636641805317,2.2984216106218676,0.001111815456306722
2017-04,purpose,house,0.00424757281553398,0.0048407917383821,-0.05932189228481195,0.001111815456306722
2017-04,purpose,major_purchase,0.022451456310679612,0.025088449034232168,-0.2636992723552556,0.001111815456306722
2017-04,purpose,medical,0.014259708737864078,0.012024287626697265,0.22354211111668132,0.001111815456306722
2017-04,purpose,moving,0.008191747572815534,0.007398642187798814,0.07931053850167195,0.001111815456306722
2017-04,purpose,other,0.06219660194174757,0.06467536813922356,-0.24787661974759873,0.001111815456306722
2017-04,purpose,renewable_energy,0.0009101941747572816,0.0006693440428380187,0.024085013191926286,0.001111815456306722
2017-04,purpose,small_business,0.008798543689320388,0.010386785236182826,-0.15882415468624378,0.001111815456306722
2017-04,purpose,vacation,0.00758495145631068,0.007542073054121247,0.004287840218943247,0.001111815456306722
2017-04,home_ownership,MORTGAGE,0.5351941747572816,0.4977409638554217,3.745321090185988,0.0008175144782492398
2017-04,home_ownership,OTHER,0.0,0.00015538343851596864,-0.015538343851596864,0.0008175144782492398
2017-04,home_ownership,OWN,0.10558252427184465,0.12099588831516542,-1.5413364043320763,0.0008175144782492398
2017-04,home_ownership,RENT,0.3592233009708738,0.38110776439089694,-2.188446342002315,0.0008175144782492398
2017-04,term, 36 months,0.7982402912621359,0.8094520940906483,-1.1211802828512418,9.966425881227214e-05
2017-04,term, 60 months,0.20175970873786409,0.1905479059093517,1.1211802828512392,9.966425881227214e-05
2017-04,application_type,Individual,0.941747572815534,0.9814735131000192,-3.9725940284485173,0.005601846933149321
2017-04,application_type,Joint App,0.05825242718446602,0.018526486899980876,3.9725940284485146,0.005601846933149321
2017-05,purpose,car,0.015744385274369065,0.011510327022375215,0.423405825199385,0.0018622154549110706
2017-05,purpose,credit_card,0.19587867561935635,0.2133295085102314,-1.7450832890875068,0.0018622154549110706
2017-05,purpose,debt_consolidation,0.5482750636721463,0.5690380569898642,-2.0762993317717915,0.0018622154549110706
2017-05,purpose,home_improvement,0.09655012734429266,0.07349636641805317,2.3053760926239493,0.0018622154549110706
2017-05,purpose,house,0.005325306783977773,0.0048407917383821,0.04845150455956727,0.0018622154549110706
2017-05,purpose,major_purchase,0.026394998842324612,0.025088449034232168,0.13065498080924443,0.0018622154549110706
2017-05,purpose,medical,0.015512850196804815,0.012024287626697265,0.348856257010755,0.0018622154549110706
2017-05,purpose,moving,0.011345218800648298,0.007398642187798814,0.3946576612849484,0.0018622154549110706
2017-05,purpose,other,0.06344061125260476,0.06467536813922356,-0.12347568866187958,0.0018622154549110706
2017-05,purpose,renewable_energy,0.0006946052326927529,0.0006693440428380187,0.0025261189854734203,0.0018622154549110706
2017-05,purpose,small_business,0.008798332947441537,0.010386785236182826,-0.15884522887412883,0.0018622154549110706
2017-05,purpose,vacation,0.012039824033341051,0.007542073054121247,0.44977509792198045,0.0018622154549110706
2017-05,home_ownership,MORTGAGE,0.5316045380875203,0.4977409638554217,3.3863574232098568,0.0006729584865363732
2017-05,home_ownership,OTHER,0.0,0.00015538343851596864,-0.015538343851596864,0.0006729584865363732
2017-05,home_ownership,OWN,0.1185459597128965,0.12099588831516542,-0.24499286022689193,0.0006729584865363732
2017-05,home_ownership,RENT,0.3498495021995832,0.38110776439089694,-3.1258262191313726,0.0006729584865363732
2017-05,term, 36 months,0.7888400092614031,0.8094520940906483,-2.061208482924526,0.0003309803178978962
2017-05,term, 60 months,0.2111599907385969,0.1905479059093517,2.0612084829245205,0.0003309803178978962
2017-05,application_type,Individual,0.9525353090993286,0.9814735131000192,-2.893820400069058,0.003391134716961533
2017-05,application_type,Joint App,0.04746469090067145,0.018526486899980876,2.8938204000690573,0.003391134716961533
2017-06,purpose,car,0.01474701245868294,0.011510327022375215,0.3236685436307724,0.0018634310305215183
2017-06,purpose,credit_card,0.1795067378591406,0.2133295085102314,-3.3822770651090823,0.0018634310305215183
2017-06,purpose,debt_consolidation,0.5695397915077549,0.5690380569898642,0.05017345178907062,0.0018634310305215183
2017-06,purpose,home_improvement,0.0821256038647343,0.07349636641805317,0.8629237446681135,0.0018634310305215183
2017-06,purpose,house,0.006102212051868803,0.0048407917383821,0.12614203134867027,0.0018634310305215183
2017-06,purpose,major_purchase,0.02796847190439868,0.025088449034232168,0.2880022870166511,0.0018634310305215183
2017-06,purpose,medical,0.016018306636155607,0.012024287626697265,0.39940190094583417,0.0018634310305215183
2017-06,purpose,moving,0.010678871090770405,0.007398642187798814,0.32802289029715903,0.0018634310305215183
2017-06,purpose,other,0.07017543859649122,0.06467536813922356,0.5500070457267664,0.0018634310305215183
2017-06,purpose,renewable_energy,0.0005085176709890668,0.0006693440428380187,-0.01608263718489519,0.0018634310305215183
2017-06,purpose,small_business,0.00889905924230867,0.010386785236182826,-0.14877259938741555,0.0018634310305215183
2017-06,purpose,vacation,0.013729977116704805,0.007542073054121247,0.6187904062583558,0.0018634310305215183
2017-06,home_ownership,MORTGAGE,0.5069921179760997,0.4977409638554217,0.9251154120677951,0.0001024314902797325
2017-06,home_ownership,OTHER,0.0002542588354945334,0.00015538343851596864,0.009887539697856476,0.0001024314902797325
2017-06,home_ownership,OWN,0.11263666412407831,0.12099588831516542,-0.8359224191087102,0.0001024314902797325
2017-06,home_ownership,RENT,0.38011695906432746,0.38110776439089694,-0.09908053265694772,0.0001024314902797325
2017-06,term, 36 months,0.7981184846173405,0.8094520940906483,-1.133360947330786,0.00010181789863870439
2017-06,term, 60 months,0.20188151538265955,0.1905479059093517,1.133360947330786,0.00010181789863870439
2017-06,application_type,Individual,0.9435545385202135,0.9814735131000192,-3.791897457980564,0.005210120187325199
2017-06,application_type,Joint App,0.05644546147978642,0.018526486899980876,3.7918974579805544,0.005210120187325199
2017-07,purpose,car,0.0116073681554378,0.011510327022375215,0.009704113306258436,0.0016476419208267025
2017-07,purpose,credit_card,0.18975523593237448,0.2133295085102314,-2.3574272577856936,0.0016476419208267025
2017-07,purpose,debt_consolidation,0.5576583396416855,0.5690380569898642,-1.1379717348178664,0.0016476419208267025
2017-07,purpose,home_improvement,0.08604592480444108,0.07349636641805317,1.2549558386387911,0.0016476419208267025
2017-07,purpose,house,0.0063083522583901085,0.0048407917383821,0.14675605200080086,0.0016476419208267025
2017-07,purpose,major_purchase,0.028766086298258896,0.025088449034232168,0.36776372640267285,0.0016476419208267025
2017-07,purpose,medical,0.016149381781478678,0.012024287626697265,0.41250941547814124,0.0016476419208267025
2017-07,purpose,moving,0.00984102952308857,0.007398642187798814,0.2442387335289756,0.0016476419208267025
2017-07,purpose,other,0.07317688619732526,0.06467536813922356,0.8501518058101704,0.0016476419208267025
2017-07,purpose,renewable_energy,0.0005046681806712087,0.0006693440428380187,-0.016467586216681002,0.0016476419208267025
2017-07,purpose,small_business,0.0070653545293969215,0.010386785236182826,-0.33214307067859045,0.0016476419208267025
2017-07,purpose,vacation,0.013121372697451426,0.007542073054121247,0.5579299643330179,0.0016476419208267025
2017-07,home_ownership,MORTGAGE,0.4988644965934898,0.4977409638554217,0.11235327380680893,0.00012187662188867829
2017-07,home_ownership,OTHER,0.0,0.00015538343851596864,-0.015538343851596864,0.00012187662188867829
2017-07,home_ownership,OWN,0.11380267474135755,0.12099588831516542,-0.7193213573807866,0.00012187662188867829
2017-07,home_ownership,RENT,0.3873328286651527,0.38110776439089694,0.6225064274255732,0.00012187662188867829
2017-07,term, 36 months,0.7819833459500378,0.8094520940906483,-2.746874814061051,0.0005805814596950521
2017-07,term, 60 months,0.21801665404996215,0.1905479059093517,2.7468748140610453,0.0005805814596950521
2017-07,application_type,Individual,0.9336361342417361,0.9814735131000192,-4.78373788582831,0.007449738738683875
2017-07,application_type,Joint App,0.06636386575826395,0.018526486899980876,4.783737885828307,0.007449738738683875
2017-08,purpose,car,0.013909587680079483,0.011510327022375215,0.2399260657704268,0.0015099722947922451
2017-08,purpose,credit_card,0.1934923000496771,0.2133295085102314,-1.9837208460554312,0.0015099722947922451
2017-08,purpose,debt_consolidation,0.5524093392945852,0.5690380569898642,-1.662871769527896,0.0015099722947922451
2017-08,purpose,home_improvement,0.08221559860904123,0.07349636641805317,0.8719232190988067,0.0015099722947922451
2017-08,purpose,house,0.005961251862891207,0.0048407917383821,0.11204601245091073,0.0015099722947922451
2017-08,purpose,major_purchase,0.027074018877297566,0.025088449034232168,0.19855698430653984,0.0015099722947922451
2017-08,purpose,medical,0.015399900645802286,0.012024287626697265,0.3375613019105021,0.0015099722947922451
2017-08,purpose,moving,0.008693492300049677,0.007398642187798814,0.12948501122508624,0.0015099722947922451
2017-08,purpose,other,0.07600596125186289,0.06467536813922356,1.133059311263933,0.0015099722947922451
2017-08,purpose,renewable_energy,0.0017386984600099354,0.0006693440428380187,0.10693544171719166,0.0015099722947922451
2017-08,purpose,small_business,0.009190263288623945,0.010386785236182826,-0.1196521947558881,0.0015099722947922451
2017-08,purpose,vacation,0.013909587680079483,0.007542073054121247,0.6367514625958236,0.0015099722947922451
2017-08,home_ownership,MORTGAGE,0.5161450571286637,0.4977409638554217,1.840409327324194,0.0002346667800446128
2017-08,home_ownership,OTHER,0.0004967709885742673,0.00015538343851596864,0.034138755005829864,0.0002346667800446128
2017-08,home_ownership,OWN,0.11972180824639841,0.12099588831516542,-0.12740800687670029,0.0002346667800446128
2017-08,home_ownership,RENT,0.36363636363636365,0.38110776439089694,-1.7471400754533295,0.0002346667800446128
2017-08,term, 36 months,0.8027819175360159,0.8094520940906483,-0.6670176554632423,3.558478758966771e-05
2017-08,term, 60 months,0.1972180824639841,0.1905479059093517,0.6670176554632395,3.558478758966771e-05
2017-08,application_type,Individual,0.910829607550919,0.9814735131000192,-7.064390554910016,0.013263542205980326
2017-08,application_type,Joint App,0.08917039244908097,0.018526486899980876,7.064390554910009,0.013263542205980326
2017-09,purpose,car,0.011171584073331424,0.011510327022375215,-0.0338742949043791,0.002451130880116576
2017-09,purpose,credit_card,0.17759954167860212,0.2133295085102314,-3.5729966831629296,0.002451130880116576
2017-09,purpose,debt_consolidation,0.5631624176453738,0.5690380569898642,-0.5875639344490424,0.002451130880116576
2017-09,purpose,home_improvement,0.08335720423947293,0.07349636641805317,0.9860837821419763,0.002451130880116576
2017-09,purpose,house,0.008879977083930107,0.0048407917383821,0.40391853455480065,0.002451130880116576
2017-09,purpose,major_purchase,0.026639931251790316,0.025088449034232168,0.15514822175581483,0.002451130880116576
2017-09,purpose,medical,0.019192208536236037,0.012024287626697265,0.7167920909538772,0.002451130880116576
2017-09,purpose,moving,0.01031223145230593,0.007398642187798814,0.2913589264507116,0.002451130880116576
2017-09,purpose,other,0.07419077628186765,0.06467536813922356,0.9515408142644094,0.002451130880116576
2017-09,purpose,renewable_energy,0.0002864508736751647,0.0006693440428380187,-0.0382893169162854,0.002451130880116576
2017-09,purpose,small_business,0.012030936694356918,0.010386785236182826,0.16441514581740924,0.002451130880116576
2017-09,purpose,vacation,0.013176740189057576,0.007542073054121247,0.5634667134936329,0.002451130880116576
2017-09,home_ownership,MORTGAGE,0.5190489830993984,0.4977409638554217,2.1308019243976686,0.00033590997375221743
2017-09,home_ownership,OTHER,0.0,0.00015538343851596864,-0.015538343851596864,0.00033590997375221743
2017-09,home_ownership,OWN,0.10971068461758808,0.12099588831516542,-1.1285203697577337,0.00033590997375221743
2017-09,home_ownership,RENT,0.37124033228301345,0.38110776439089694,-0.9867432107883489,0.00033590997375221743
2017-09,term, 36 months,0.7384703523345746,0.8094520940906483,-7.098174175607374,0.0036118369505143758
2017-09,term, 60 months,0.26152964766542536,0.1905479059093517,7.098174175607366,0.0036118369505143758
2017-09,application_type,Individual,0.8756803208249785,0.9814735131000192,-10.579319227504069,0.02345861720824752
2017-09,application_type,Joint App,0.12431967917502149,0.018526486899980876,10.579319227504062,0.02345861720824752
2017-10,purpose,car,0.016693418940609953,0.011510327022375215,0.5183091918234737,0.004309819009785251
2017-10,purpose,credit_card,0.17335473515248795,0.2133295085102314,-3.9974773357743465,0.004309819009785251
2017-10,purpose,debt_consolidation,0.5499197431781702,0.5690380569898642,-1.9118313811694043,0.004309819009785251
2017-10,purpose,home_improvement,0.08603531300160513,0.07349636641805317,1.2538946583551966,0.004309819009785251
2017-10,purpose,house,0.01187800963081862,0.0048407917383821,0.703721789243652,0.004309819009785251
2017-10,purpose,major_purchase,0.02086677367576244,0.025088449034232168,-0.42216753584697275,0.004309819009785251
2017-10,purpose,medical,0.017014446227929372,0.012024287626697265,0.49901586012321075,0.004309819009785251
2017-10,purpose,moving,0.009951845906902087,0.007398642187798814,0.2553203719103273,0.004309819009785251
2017-10,purpose,other,0.09598715890850722,0.06467536813922356,3.131179076928366,0.004309819009785251
2017-10,purpose,renewable_energy,0.0006420545746388443,0.0006693440428380187,-0.002728946819917442,0.004309819009785251
2017-10,purpose,small_business,0.010272873194221509,0.010386785236182826,-0.01139120419613171,0.004309819009785251
2017-10,purpose,vacation,0.007383627608346709,0.007542073054121247,-0.015844544577453806,0.004309819009785251
2017-10,home_ownership,MORTGAGE,0.5107544141252006,0.4977409638554217,1.3013450269778903,0.00031811181195415435
2017-10,home_ownership,OTHER,0.0,0.00015538343851596864,-0.015538343851596864,0.00031811181195415435
2017-10,home_ownership,OWN,0.12937399678972714,0.12099588831516542,0.8378108474561718,0.00031811181195415435
2017-10,home_ownership,RENT,0.3598715890850722,0.38110776439089694,-2.1236175305824725,0.00031811181195415435
2017-10,term, 36 months,0.7791332263242375,0.8094520940906483,-3.0318867766410795,0.0007037588274159739
2017-10,term, 60 months,0.22086677367576243,0.1905479059093517,3.031886776641074,0.0007037588274159739
2017-10,application_type,Individual,0.8818619582664526,0.9814735131000192,-9.961155483356654,0.021580325564661242
2017-10,application_type,Joint App,0.11813804173354735,0.018526486899980876,9.961155483356647,0.021580325564661242
2017-11,purpose,car,0.01300761421319797,0.011510327022375215,0.1497287190822755,0.003944617969448048
2017-11,purpose,credit_card,0.21256345177664976,0.2133295085102314,-0.07660567335816548,0.003944617969448048
2017-11,purpose,debt_consolidation,0.5190355329949239,0.5690380569898642,-5.000252399494032,0.003944617969448048
2017-11,purpose,home_improvement,0.07455583756345177,0.07349636641805317,0.10594711453986022,0.003944617969448048
2017-11,purpose,house,0.015545685279187817,0.0048407917383821,1.0704893540805716,0.003944617969448048
2017-11,purpose,major_purchase,0.024746192893401017,0.025088449034232168,-0.03422561408311514,0.003944617969448048
2017-11,purpose,medical,0.022208121827411168,0.012024287626697265,1.0183834200713904,0.003944617969448048
2017-11,purpose,moving,0.007296954314720812,0.007398642187798814,-0.010168787307800187,0.003944617969448048
2017-11,purpose,other,0.08851522842639593,0.06467536813922356,2.383986028717237,0.003944617969448048
2017-11,purpose,renewable_energy,0.0015862944162436548,0.0006693440428380187,0.09169503734056361,0.003944617969448048
2017-11,purpose,small_business,0.011421319796954314,0.010386785236182826,0.10345345607714884,0.003944617969448048
2017-11,purpose,vacation,0.00951776649746193,0.007542073054121247,0.19756934433406825,0.003944617969448048
2017-11,home_ownership,MORTGAGE,0.5171319796954315,0.4977409638554217,1.939101584000974,0.00043524143374366105
2017-11,home_ownership,OTHER,0.0,0.00015538343851596864,-0.015538343851596864,0.00043524143374366105
2017-11,home_ownership,OWN,0.1281725888324873,0.12099588831516542,0.7176700517321888,0.00043524143374366105
2017-11,home_ownership,RENT,0.3546954314720812,0.38110776439089694,-2.641233291881573,0.00043524143374366105
2017-11,term, 36 months,0.7779187817258884,0.8094520940906483,-3.153331236475998,0.0007596489750055441
2017-11,term, 60 months,0.22208121827411167,0.1905479059093517,3.153331236475998,0.0007596489750055441
2017-11,application_type,Individual,0.8899111675126904,0.9814735131000192,-9.156234558732878,0.01918489804091955
2017-11,application_type,Joint App,0.11008883248730965,0.018526486899980876,9.156234558732876,0.01918489804091955
2017-12,purpose,car,0.013983371126228269,0.011510327022375215,0.24730441038530535,0.007463698247748857
2017-12,purpose,credit_card,0.19916855631141345,0.2133295085102314,-1.4160952198817967,0.007463698247748857
2017-12,purpose,debt_consolidation,0.4924414210128496,0.5690380569898642,-7.65966359770146,0.007463698247748857
2017-12,purpose,home_improvement,0.082010582010582,0.07349636641805317,0.8514215592528838,0.007463698247748857
2017-12,purpose,house,0.01473922902494331,0.0048407917383821,0.9898437286561211,0.007463698247748857
2017-12,purpose,major_purchase,0.036281179138321996,0.025088449034232168,1.1192730104089827,0.007463698247748857
2017-12,purpose,medical,0.021164021164021163,0.012024287626697265,0.9139733537323897,0.007463698247748857
2017-12,purpose,moving,0.008314436885865457,0.007398642187798814,0.09157946980666429,0.007463698247748857
2017-12,purpose,other,0.10846560846560846,0.06467536813922356,4.37902403263849,0.007463698247748857
2017-12,purpose,renewable_energy,0.0011337868480725624,0.0006693440428380187,0.04644428052345437,0.007463698247748857
2017-12,purpose,small_business,0.008692365835222978,0.010386785236182826,-0.1694419400959848,0.007463698247748857
2017-12,purpose,vacation,0.013605442176870748,0.007542073054121247,0.60633691227495,0.007463698247748857
2017-12,home_ownership,MORTGAGE,0.5026455026455027,0.4977409638554217,0.4904538790080959,0.000798588996943659
2017-12,home_ownership,OTHER,0.0,0.00015538343851596864,-0.015538343851596864,0.000798588996943659
2017-12,home_ownership,OWN,0.1436130007558579,0.12099588831516542,2.2617112440692475,0.000798588996943659
2017-12,home_ownership,RENT,0.35374149659863946,0.38110776439089694,-2.736626779225748,0.000798588996943659
2017-12,term, 36 months,0.7551020408163265,0.8094520940906483,-5.435005327432185,0.0021724556885783595
2017-12,term, 60 months,0.24489795918367346,0.1905479059093517,5.435005327432177,0.0021724556885783595
2017-12,application_type,Individual,0.8926681783824642,0.9814735131000192,-8.880533471755502,0.01837829230982417
2017-12,application_type,Joint App,0.1073318216175359,0.018526486899980876,8.880533471755502,0.01837829230982417
2016Q1,purpose,car,0.009680146951628422,0.011510327022375215,-0.18301800707467927,0.000916983696292578
2016Q1,purpose,credit_card,0.24436539639035484,0.2133295085102314,3.103588788012343,0.000916983696292578
2016Q1,purpose,debt_consolidation,0.5601656121526664,0.5690380569898642,-0.8872444837197846,0.000916983696292578
2016Q1,purpose,home_improvement,0.06863574073534129,0.07349636641805317,-0.48606256827118804,0.000916983696292578
2016Q1,purpose,house,0.004256932093185993,0.0048407917383821,-0.05838596451961066,0.000916983696292578
2016Q1,purpose,major_purchase,0.022217686678135114,0.025088449034232168,-0.28707623560970535,0.000916983696292578
2016Q1,purpose,medical,0.010875586786016269,0.012024287626697265,-0.1148700840680996,0.000916983696292578
2016Q1,purpose,moving,0.0057730996880193605,0.007398642187798814,-0.16255424997794538,0.000916983696292578
2016Q1,purpose,other,0.05697291308277692,0.06467536813922356,-0.7702455056446643,0.000916983696292578
2016Q1,purpose,renewable_energy,0.0005539843134968073,0.0006693440428380187,-0.011535972934121144,0.000916983696292578
2016Q1,purpose,small_business,0.010584016094702161,0.010386785236182826,0.01972308585193351,0.000916983696292578
2016Q1,purpose,vacation,0.0059188850336764146,0.007542073054121247,-0.16231880204448326,0.000916983696292578
2016Q1,home_ownership,MORTGAGE,0.49497040557483163,0.4977409638554217,-0.2770558280590085,5.874571686854106e-05
2016Q1,home_ownership,OTHER,0.0,0.00015538343851596864,-0.015538343851596864,5.874571686854106e-05
2016Q1,home_ownership,OWN,0.12248884742105723,0.12099588831516542,0.14929591058918112,5.874571686854106e-05
2016Q1,home_ownership,RENT,0.38254074700411117,0.38110776439089694,0.14329826132142287,5.874571686854106e-05
2016Q1,term, 36 months,0.8148817680846722,0.8094520940906483,0.5429673994023831,2.415753397943003e-05
2016Q1,term, 60 months,0.18511823191532786,0.1905479059093517,-0.5429673994023831,2.415753397943003e-05
2016Q1,application_type,Individual,0.9806688631658745,0.9814735131000192,-0.08046499341446411,4.358451143025892e-06
2016Q1,application_type,Joint App,0.019331136834125434,0.018526486899980876,0.08046499341445579,4.358451143025892e-06
2016Q2,purpose,car,0.012969684030742955,0.011510327022375215,0.145935700836774,0.0005118694497600153
2016Q2,purpose,credit_card,0.19555935098206662,0.2133295085102314,-1.7770157528164798,0.0005118694497600153
2016Q2,purpose,debt_consolidation,0.564101195559351,0.5690380569898642,-0.4936861430513195,0.0005118694497600153
2016Q2,purpose,home_improvement,0.08208795900939368,0.07349636641805317,0.8591592591340513,0.0005118694497600153
2016Q2,purpose,house,0.006137916310845431,0.0048407917383821,0.12971245724633312,0.0005118694497600153
2016Q2,purpose,major_purchase,0.02844790777113578,0.025088449034232168,0.3359458736903614,0.0005118694497600153
2016Q2,purpose,medical,0.013556789069171649,0.012024287626697265,0.15325014424743838,0.0005118694497600153
2016Q2,purpose,moving,0.007792485055508113,0.007398642187798814,0.039384286770929866,0.0005118694497600153
2016Q2,purpose,other,0.06949188727583262,0.06467536813922356,0.48165191366090626,0.0005118694497600153
2016Q2,purpose,renewable_energy,0.0006938514090520922,0.0006693440428380187,0.00245073662140735,0.0005118694497600153
2016Q2,purpose,small_business,0.011421861656703673,0.010386785236182826,0.10350764205208467,0.0005118694497600153
2016Q2,purpose,vacation,0.007739111870196413,0.007542073054121247,0.019703881607516585,0.0005118694497600153
2016Q2,home_ownership,MORTGAGE,0.4930081127241674,0.4977409638554217,-0.4732851131254323,6.616615175321632e-05
2016Q2,home_ownership,OTHER,0.0,0.00015538343851596864,-0.015538343851596864,6.616615175321632e-05
2016Q2,home_ownership,OWN,0.12291844577284372,0.12099588831516542,0.19225574576783033,6.616615175321632e-05
2016Q2,home_ownership,RENT,0.3840734415029889,0.38110776439089694,0.2965677112091947,6.616615175321632e-05
2016Q2,term, 36 months,0.8069491887275833,0.8094520940906483,-0.25029053630650777,5.051670939670307e-06
2016Q2,term, 60 months,0.19305081127241674,0.1905479059093517,0.250290536306505,5.051670939670307e-06
2016Q2,application_type,Individual,0.985962852263023,0.9814735131000192,0.4489339163003869,0.0001577839637733722
2016Q2,application_type,Joint App,0.014037147736976943,0.018526486899980876,-0.44893391630039337,0.0001577839637733722
2016Q3,purpose,car,0.013358046785120798,0.011510327022375215,0.18477197627455832,0.0008337701159285701
2016Q3,purpose,credit_card,0.1870765690911415,0.2133295085102314,-2.6252939419089905,0.0008337701159285701
2016Q3,purpose,debt_consolidation,0.5793813115173208,0.5690380569898642,1.0343254527456547,0.0008337701159285701
2016Q3,purpose,home_improvement,0.07580212194810175,0.07349636641805317,0.2305755530048581,0.0008337701159285701
2016Q3,purpose,house,0.0054326984532787935,0.0048407917383821,0.05919067148966936,0.0008337701159285701
2016Q3,purpose,major_purchase,0.026268694874089223,0.025088449034232168,0.11802458398570553,0.0008337701159285701
2016Q3,purpose,medical,0.011760194298862329,0.012024287626697265,-0.026409332783493625,0.0008337701159285701
2016Q3,purpose,moving,0.010929311006007926,0.007398642187798814,0.3530668818209111,0.0008337701159285701
2016Q3,purpose,other,0.0697941965997699,0.06467536813922356,0.5118828460546343,0.0008337701159285701
2016Q3,purpose,renewable_energy,0.00051131279560271,0.0006693440428380187,-0.015803124723530872,0.0008337701159285701
2016Q3,purpose,small_business,0.00965102901700115,0.010386785236182826,-0.07357562191816752,0.0008337701159285701
2016Q3,purpose,vacation,0.010034513613703182,0.007542073054121247,0.2492440559581935,0.0008337701159285701
2016Q3,home_ownership,MORTGAGE,0.49431164514891984,0.4977409638554217,-0.34293187065018715,2.7235146890902334e-05
2016Q3,home_ownership,OTHER,6.391409945033875e-05,0.00015538343851596864,-0.009146933906562989,2.7235146890902334e-05
2016Q3,home_ownership,OWN,0.12476032212706123,0.12099588831516542,0.3764433811895812,2.7235146890902334e-05
2016Q3,home_ownership,RENT,0.3808641186245686,0.38110776439089694,-0.024364576632834867,2.7235146890902334e-05
2016Q3,term, 36 months,0.7978397034385786,0.8094520940906483,-1.161239065206976,0.00010683171443508395
2016Q3,term, 60 months,0.20216029656142145,0.1905479059093517,1.161239065206976,0.00010683171443508395
2016Q3,application_type,Individual,0.9951425284417743,0.9814735131000192,1.366901534175513,0.0021541223848138336
2016Q3,application_type,Joint App,0.004857471558225745,0.018526486899980876,-1.366901534175513,0.0021541223848138336
2016Q4,purpose,car,0.01194527861194528,0.011510327022375215,0.043495158957006404,0.0005073505422161083
2016Q4,purpose,credit_card,0.19192525859192525,0.2133295085102314,-2.1404249918306166,0.0005073505422161083
2016Q4,purpose,debt_consolidation,0.584718051384718,0.5690380569898642,1.5679994394853791,0.0005073505422161083
2016Q4,purpose,home_improvement,0.07147147147147147,0.07349636641805317,-0.20248949465817012,0.0005073505422161083
2016Q4,purpose,house,0.0039372706039372705,0.0048407917383821,-0.09035211344448293,0.0005073505422161083
2016Q4,purpose,major_purchase,0.026226226226226227,0.025088449034232168,0.11377771919940591,0.0005073505422161083
2016Q4,purpose,medical,0.013013013013013013,0.012024287626697265,0.09887253863157477,0.0005073505422161083
2016Q4,purpose,moving,0.0069402736069402735,0.007398642187798814,-0.045836858085854075,0.0005073505422161083
2016Q4,purpose,other,0.07093760427093761,0.06467536813922356,0.6262236131714047,0.0005073505422161083
2016Q4,purpose,renewable_energy,0.0010677344010677344,0.0006693440428380187,0.039839035822971575,0.0005073505422161083
2016Q4,purpose,small_business,0.00940940940940941,0.010386785236182826,-0.09773758267734162,0.0005073505422161083
2016Q4,purpose,vacation,0.008408408408408409,0.007542073054121247,0.08663353542871614,0.0005073505422161083
2016Q4,home_ownership,MORTGAGE,0.5135802469135803,0.4977409638554217,1.583928305815857,0.0002986258271046366
2016Q4,home_ownership,OTHER,0.0008008008008008008,0.00015538343851596864,0.06454173622848322,0.0002986258271046366
2016Q4,home_ownership,OWN,0.11124457791124458,0.12099588831516542,-0.9751310403920841,0.0002986258271046366
2016Q4,home_ownership,RENT,0.3743743743743744,0.38110776439089694,-0.6733390016522567,0.0002986258271046366
2016Q4,term, 36 months,0.812278945612279,0.8094520940906483,0.28268515216306467,6.513280549001873e-06
2016Q4,term, 60 months,0.18772105438772105,0.1905479059093517,-0.28268515216306467,6.513280549001873e-06
2016Q4,application_type,Individual,0.96343009676343,0.9814735131000192,-1.8043416336589124,0.0015467084890756076
2016Q4,application_type,Joint App,0.0365699032365699,0.018526486899980876,1.8043416336589027,0.0015467084890756076
2017Q1,purpose,car,0.012947882736156352,0.011510327022375215,0.14375557137811368,0.0002068873634108568
2017Q1,purpose,credit_card,0.20952768729641694,0.2133295085102314,-0.3801821213814477,0.0002068873634108568
2017Q1,purpose,debt_consolidation,0.5662866449511401,0.5690380569898642,-0.2751412038724088,0.0002068873634108568
2017Q1,purpose,home_improvement,0.0754885993485342,0.07349636641805317,0.1992232930481036,0.0002068873634108568
2017Q1,purpose,house,0.005211726384364821,0.0048407917383821,0.03709346459827212,0.0002068873634108568
2017Q1,purpose,major_purchase,0.02255700325732899,0.025088449034232168,-0.25314457769031773,0.0002068873634108568
2017Q1,purpose,medical,0.014087947882736157,0.012024287626697265,0.20636602560388917,0.0002068873634108568
2017Q1,purpose,moving,0.00749185667752443,0.007398642187798814,0.009321448972561541,0.0002068873634108568
2017Q1,purpose,other,0.06433224755700326,0.06467536813922356,-0.034312058222030206,0.0002068873634108568
2017Q1,purpose,renewable_energy,0.000977198697068404,0.0006693440428380187,0.030785465423038522,0.0002068873634108568
2017Q1,purpose,small_business,0.011482084690553746,0.010386785236182826,0.10952994543709203,0.0002068873634108568
2017Q1,purpose,vacation,0.009609120521172639,0.007542073054121247,0.20670474670513914,0.0002068873634108568
2017Q1,home_ownership,MORTGAGE,0.5292345276872964,0.4977409638554217,3.1493563831874685,0.0018647345092902912
2017Q1,home_ownership,OTHER,0.004478827361563518,0.00015538343851596864,0.43234439230475497,0.0018647345092902912
2017Q1,home_ownership,OWN,0.11653094462540717,0.12099588831516542,-0.44649436897582495,0.0018647345092902912
2017Q1,home_ownership,RENT,0.3497557003257329,0.38110776439089694,-3.1352064065164056,0.0018647345092902912
2017Q1,term, 36 months,0.8095276872964169,0.8094520940906483,0.007559320576855377,4.6317604565015655e-09
2017Q1,term, 60 months,0.19047231270358306,0.1905479059093517,-0.007559320576863704,4.6317604565015655e-09
2017Q1,application_type,Individual,0.9622964169381107,0.9814735131000192,-1.9177096161908436,0.0017156439985720035
2017Q1,application_type,Joint App,0.03770358306188925,0.018526486899980876,1.9177096161908374,0.0017156439985720035
2017Q2,purpose,car,0.014980949082092137,0.011510327022375215,0.3470622059716922,0.0013617166677249851
2017Q2,purpose,credit_card,0.19206789054381712,0.2133295085102314,-2.126161796641429,0.0013617166677249851
2017Q2,purpose,debt_consolidation,0.5584516799445791,0.5690380569898642,-1.058637704528509,0.0013617166677249851
2017Q2,purpose,home_improvement,0.09161759612054035,0.07349636641805317,1.8121229702487183,0.0013617166677249851
2017Q2,purpose,house,0.005282299965361967,0.0048407917383821,0.04415082269798674,0.0013617166677249851
2017Q2,purpose,major_purchase,0.0258053342570142,0.025088449034232168,0.07168852227820328,0.0013617166677249851
2017Q2,purpose,medical,0.015327329407689643,0.012024287626697265,0.3303041780992378,0.0013617166677249851
2017Q2,purpose,moving,0.010218219605126429,0.007398642187798814,0.28195774173276145,0.0013617166677249851
2017Q2,purpose,other,0.06537928645652927,0.06467536813922356,0.07039183173057073,0.0013617166677249851
2017Q2,purpose,renewable_energy,0.0006927606511950121,0.0006693440428380187,0.0023416608356993424,0.0013617166677249851
2017Q2,purpose,small_business,0.008832698302736405,0.010386785236182826,-0.15540869334464205,0.0013617166677249851
2017Q2,purpose,vacation,0.011343955663318323,0.007542073054121247,0.3801882609197076,0.0013617166677249851
2017Q2,home_ownership,MORTGAGE,0.5242466227918254,0.4977409638554217,2.6505658936403718,0.0003603186837152581
2017Q2,home_ownership,OTHER,8.659508139937652e-05,0.00015538343851596864,-0.006878835711659212,0.0003603186837152581
2017Q2,home_ownership,OWN,0.1128333910633876,0.12099588831516542,-0.8162497251777812,0.0003603186837152581
2017Q2,home_ownership,RENT,0.3628333910633876,0.38110776439089694,-1.8274373327509363,0.0003603186837152581
2017Q2,term, 36 months,0.7946830620020783,0.8094520940906483,-1.4769032088570055,0.00017177827642166858
2017Q2,term, 60 months,0.20531693799792172,0.1905479059093517,1.4769032088570029,0.00017177827642166858
2017Q2,application_type,Individual,0.946397644613786,0.9814735131000192,-3.507586848623323,0.0046101926280731915
2017Q2,application_type,Joint App,0.053602355386214065,0.018526486899980876,3.507586848623319,0.0046101926280731915
2017Q3,purpose,car,0.012282229965156795,0.011510327022375215,0.07719029427815799,0.0016335871995292474
2017Q3,purpose,credit_card,0.18736933797909408,0.2133295085102314,-2.596017053113733,0.0016335871995292474
2017Q3,purpose,debt_consolidation,0.5574912891986062,0.5690380569898642,-1.1546767791257961,0.0016335871995292474
2017Q3,purpose,home_improvement,0.08388501742160279,0.07349636641805317,1.0388651003549618,0.0016335871995292474
2017Q3,purpose,house,0.006968641114982578,0.0048407917383821,0.21278493766004786,0.0016335871995292474
2017Q3,purpose,major_purchase,0.027526132404181183,0.025088449034232168,0.24376833699490152,0.0016335871995292474
2017Q3,purpose,medical,0.01681184668989547,0.012024287626697265,0.4787559063198204,0.0016335871995292474
2017Q3,purpose,moving,0.009581881533101045,0.007398642187798814,0.21832393453022303,0.0016335871995292474
2017Q3,purpose,other,0.0744773519163763,0.06467536813922356,0.9801983777152745,0.0016335871995292474
2017Q3,purpose,renewable_energy,0.0008710801393728223,0.0006693440428380187,0.02017360965348036,0.0016335871995292474
2017Q3,purpose,small_business,0.009320557491289199,0.010386785236182826,-0.10662277448936272,0.0016335871995292474
2017Q3,purpose,vacation,0.013414634146341463,0.007542073054121247,0.5872561092220216,0.0016335871995292474
2017Q3,home_ownership,MORTGAGE,0.5110627177700349,0.4977409638554217,1.3321753914613155,0.00010331811173782497
2017Q3,home_ownership,OTHER,0.00017421602787456446,0.00015538343851596864,0.001883258935859582,0.00010331811173782497
2017Q3,home_ownership,OWN,0.11463414634146342,0.12099588831516542,-0.6361741973701998,0.00010331811173782497
2017Q3,home_ownership,RENT,0.3741289198606272,0.38110776439089694,-0.6978844530269757,0.00010331811173782497
2017Q3,term, 36 months,0.7760452961672474,0.8094520940906483,-3.3406797923400955,0.000849820280395994
2017Q3,term, 60 months,0.22395470383275262,0.1905479059093517,3.340679792340093,0.000849820280395994
2017Q3,application_type,Individual,0.90801393728223,0.9814735131000192,-7.345957581778917,0.014032065705054433
2017Q3,application_type,Joint App,0.09198606271777003,0.018526486899980876,7.345957581778915,0.014032065705054433
2017Q4,purpose,car,0.014585437002131718,0.011510327022375215,0.3075109979756503,0.004351805780998668
2017Q4,purpose,credit_card,0.1948838774823292,0.2133295085102314,-1.8445631027902225,0.004351805780998668
2017Q4,purpose,debt_consolidation,0.5219342533378212,0.5690380569898642,-4.710380365204303,0.004351805780998668
2017Q4,purpose,home_improvement,0.08078088185796028,0.07349636641805317,0.7284515439907115,0.004351805780998668
2017Q4,purpose,house,0.014024458655895883,0.0048407917383821,0.9183666917513784,0.004351805780998668
2017Q4,purpose,major_purchase,0.026814764950072928,0.025088449034232168,0.17263159158407598,0.004351805780998668
2017Q4,purpose,medical,0.020083024795242904,0.012024287626697265,0.8058737168545639,0.004351805780998668
2017Q4,purpose,moving,0.008526870862784697,0.007398642187798814,0.11282286749858825,0.004351805780998668
2017Q4,purpose,other,0.09704925389879951,0.06467536813922356,3.2373885759575947,0.004351805780998668
2017Q4,purpose,renewable_energy,0.0011219566924716706,0.0006693440428380187,0.04526126496336519,0.004351805780998668
2017Q4,purpose,small_business,0.010209805901492203,0.010386785236182826,-0.017697933469062316,0.004351805780998668
2017Q4,purpose,vacation,0.009985414562997869,0.007542073054121247,0.24433415088766214,0.004351805780998668
2017Q4,home_ownership,MORTGAGE,0.5106024907438573,0.4977409638554217,1.2861526888435615,0.0004508813486868374
2017Q4,home_ownership,OTHER,0.0,0.00015538343851596864,-0.015538343851596864,0.0004508813486868374
2017Q4,home_ownership,OWN,0.1331762593963873,0.12099588831516542,1.2180371081221886,0.0004508813486868374
2017Q4,home_ownership,RENT,0.3562212498597554,0.38110776439089694,-2.4886514531141546,0.0004508813486868374
2017Q4,term, 36 months,0.7715696174127679,0.8094520940906483,-3.7882476677880472,0.0010844140468040733
2017Q4,term, 60 months,0.22843038258723214,0.1905479059093517,3.7882476677880446,0.0010844140468040733
2017Q4,application_type,Individual,0.8879165264220801,0.9814735131000192,-9.35569866779391,0.019772970945413366
2017Q4,application_type,Joint App,0.1120834735779199,0.018526486899980876,9.355698667793902,0.019772970945413366
2016Y,purpose,car,0.011510327022375215,0.011510327022375215,0.0,0.0
2016Y,purpose,credit_card,0.2133295085102314,0.2133295085102314,0.0,0.0
2016Y,purpose,debt_consolidation,0.5690380569898642,0.5690380569898642,0.0,0.0
2016Y,purpose,home_improvement,0.07349636641805317,0.07349636641805317,0.0,0.0
2016Y,purpose,house,0.0048407917383821,0.0048407917383821,0.0,0.0
2016Y,purpose,major_purchase,0.025088449034232168,0.025088449034232168,0.0,0.0
2016Y,purpose,medical,0.012024287626697265,0.012024287626697265,0.0,0.0
2016Y,purpose,moving,0.007398642187798814,0.007398642187798814,0.0,0.0
2016Y,purpose,other,0.06467536813922356,0.06467536813922356,0.0,0.0
2016Y,purpose,renewable_energy,0.0006693440428380187,0.0006693440428380187,0.0,0.0
2016Y,purpose,small_business,0.010386785236182826,0.010386785236182826,0.0,0.0
2016Y,purpose,vacation,0.007542073054121247,0.007542073054121247,0.0,0.0
2016Y,home_ownership,MORTGAGE,0.4977409638554217,0.4977409638554217,0.0,0.0
2016Y,home_ownership,OTHER,0.00015538343851596864,0.00015538343851596864,0.0,0.0
2016Y,home_ownership,OWN,0.12099588831516542,0.12099588831516542,0.0,0.0
2016Y,home_ownership,RENT,0.38110776439089694,0.38110776439089694,0.0,0.0
2016Y,term, 36 months,0.8094520940906483,0.8094520940906483,0.0,0.0
2016Y,term, 60 months,0.1905479059093517,0.1905479059093517,0.0,0.0
2016Y,application_type,Individual,0.9814735131000192,0.9814735131000192,0.0,0.0
2016Y,application_type,Joint App,0.018526486899980876,0.018526486899980876,0.0,0.0
2017Y,purpose,car,0.013636055267859161,0.011510327022375215,0.2125728245483946,0.0011010697746078853
2017Y,purpose,credit_card,0.1962642183577938,0.2133295085102314,-1.7065290152437602,0.0011010697746078853
2017Y,purpose,debt_consolidation,0.5530177969742882,0.5690380569898642,-1.6020260015575993,0.0011010697746078853
2017Y,purpose,home_improvement,0.0829470161235612,0.07349636641805317,0.9450649705508032,0.0011010697746078853
2017Y,purpose,house,0.007462517808281133,0.0048407917383821,0.2621726069899033,0.0011010697746078853
2017Y,purpose,major_purchase,0.02555347007078085,0.025088449034232168,0.04650210365486837,0.0011010697746078853
2017Y,purpose,medical,0.016327084416905994,0.012024287626697265,0.43027967902087294,0.0011010697746078853
2017Y,purpose,moving,0.00895502136993736,0.007398642187798814,0.15563791821385464,0.0011010697746078853
2017Y,purpose,other,0.07383369892132698,0.06467536813922356,0.9158330782103417,0.0011010697746078853
2017Y,purpose,renewable_energy,0.0009045476131249859,0.0006693440428380187,0.023520357028696717,0.0011010697746078853
2017Y,purpose,small_business,0.00997263743470297,0.010386785236182826,-0.04141478014798566,0.0011010697746078853
2017Y,purpose,vacation,0.011125935641437327,0.007542073054121247,0.35838625873160795,0.0011010697746078853
2017Y,home_ownership,MORTGAGE,0.5194590805273512,0.4977409638554217,2.1718116671929524,0.0005223545941774486
2017Y,home_ownership,OTHER,0.0013115940390312295,0.00015538343851596864,0.1156210600515261,0.0005223545941774486
2017Y,home_ownership,OWN,0.11842789624838877,0.12099588831516542,-0.2567992066776645,0.0005223545941774486
2017Y,home_ownership,RENT,0.36080142918522873,0.38110776439089694,-2.0306335205668216,0.0005223545941774486
2017Y,term, 36 months,0.7893082472128626,0.8094520940906483,-2.01438468777857,0.00031638498993467705
2017Y,term, 60 months,0.21069175278713734,0.1905479059093517,2.0143846877785645,0.00031638498993467705
2017Y,application_type,Individual,0.929060853440673,0.9814735131000192,-5.241265965934616,0.008549460019879329
2017Y,application_type,Joint App,0.07093914655932701,0.018526486899980876,5.2412659659346135,0.008549460019879329
