approve_cutoff,decline_cutoff,approved_accounts,review_accounts,declined_accounts,approval_rate,review_rate,decline_rate,historical_approved_bad_rate,historical_review_bad_rate,historical_declined_bad_rate,historical_bad_capture_rate,historical_good_route_out_rate,approved_ead,review_ead,declined_ead,approved_expected_loss_proxy,review_expected_loss_proxy,declined_expected_loss_proxy,approved_el_rate,review_el_rate,declined_el_rate,route_ead_total,route_el_total,route_share_total,frontier_type,threshold,routed_out_accounts,route_out_rate
0.01584619629764012,,4184,0,79480,0.05000956205775483,0.0,0.9499904379422451,0.009560229445506692,,0.1780322093608455,0.9971811134601832,0.9403517862797593,61971825.0,0.0,1145949750.0,504065.42868678673,0.0,139918810.6029961,0.00813378383945909,0.0,0.12209855676742903,1207921575.0,140422876.0316829,1.0,SINGLE_CUTOFF,0.01584619629764012,,
0.021642692308890363,,8367,0,75297,0.10000717154331612,0.0,0.8999928284566838,0.014103023783912991,,0.18688659574750655,0.9916842847075406,0.881264933644241,122805650.0,0.0,1085115925.0,1264857.172053168,0.0,139158018.85962975,0.01029966595228451,0.0,0.12824253672217534,1207921575.0,140422876.0316829,1.0,SINGLE_CUTOFF,0.021642692308890363,,
0.027577209946188345,,12550,0,71114,0.1500047810288774,0.0,0.8499952189711226,0.017370517928286852,,0.1964732682734764,0.9846370683579986,0.8224947462360019,179772450.0,0.0,1028149125.0,2200267.2638839586,0.0,138222608.76779896,0.012239179384182385,0.0,0.1344382885778354,1207921575.0,140422876.0316829,1.0,SINGLE_CUTOFF,0.027577209946188345,,
0.03349045168371278,,16733,0,66931,0.20000239051443872,0.0,0.7999976094855613,0.021394848502958225,,0.20666059075764592,0.9747709654686398,0.7643003137864525,234135125.0,0.0,973786450.0,3309028.103287874,0.0,137113847.92839503,0.014132984545944884,0.0,0.14080484271309693,1207921575.0,140422876.0316829,1.0,SINGLE_CUTOFF,0.03349045168371278,,
0.0399672145665592,,20916,0,62748,0.25,0.0,0.75,0.025100401606425703,,0.2177758653662268,0.9630021141649049,0.7064945159340185,287988700.0,0.0,919932875.0,4627593.253973028,0.0,135795282.7777099,0.016068662603682116,0.0,0.14761433846758645,1207921575.0,140422876.0316829,1.0,SINGLE_CUTOFF,0.0399672145665592,,
0.04713356750200813,,25099,0,58565,0.2999976094855613,0.0,0.7000023905144387,0.02904498187178772,,0.22984717834884316,0.9486257928118393,0.6492212914183724,341217075.0,0.0,866704500.0,6172256.197696524,0.0,134250619.83398637,0.01808894293375126,0.0,0.15489779946220006,1207921575.0,140422876.0316829,1.0,SINGLE_CUTOFF,0.04713356750200813,,
0.05478431640153796,,29283,0,54381,0.3500071715433161,0.0,0.6499928284566838,0.03367141344807568,,0.2428053915889741,0.9305144467935166,0.5926965483490226,394421350.0,0.0,813500225.0,7980078.921511873,0.0,132442797.11017105,0.020232370589248965,0.0,0.16280609769981447,1207921575.0,140422876.0316829,1.0,SINGLE_CUTOFF,0.05478431640153796,,
0.06360944048234443,,33466,0,50198,0.40000478102887743,0.0,0.5999952189711226,0.03800872527341182,,0.2573409299175266,0.9103594080338266,0.5366036214986901,446711025.0,0.0,761210550.0,10043616.836349614,0.0,130379259.1953333,0.022483476507770574,0.0,0.17127883894322446,1207921575.0,140422876.0316829,1.0,SINGLE_CUTOFF,0.06360944048234443,,
0.07368980049234702,,37649,0,46015,0.4500023905144387,0.0,0.5499976094855613,0.043082153576456214,,0.273128327719222,0.8856941508104299,0.481431902582261,499599675.0,0.0,708321900.0,12464066.68721328,0.0,127958809.34446964,0.024948108077158537,0.0,0.18065064675322,1207921575.0,140422876.0316829,1.0,SINGLE_CUTOFF,0.07368980049234702,,
0.08515207601719335,,41832,0,41832,0.5,0.0,0.5,0.04812105565117613,,0.29109294320137696,0.858139534883721,0.42685033249848864,554317650.0,0.0,653603925.0,15360874.193580322,0.0,125062001.8381026,0.02771132074466747,0.0,0.19134218301718828,1207921575.0,140422876.0316829,1.0,SINGLE_CUTOFF,0.08515207601719335,,
0.09897918199853253,,46015,0,37649,0.5499976094855613,0.0,0.4500023905144387,0.05272193849831577,,0.31246513851629526,0.8290345313601127,0.3725854276419956,608007950.0,0.0,599913625.0,18650441.428288907,0.0,121772434.603394,0.030674667047180727,0.0,0.2029832788068349,1207921575.0,140422876.0316829,1.0,SINGLE_CUTOFF,0.09897918199853253,,
0.11547320448209,,50198,0,33466,0.5999952189711226,0.0,0.40000478102887743,0.05737280369735846,,0.3379549393414211,0.7970401691331924,0.31891067161815934,664476475.0,0.0,543445100.0,22684651.884848636,0.0,117738224.14683427,0.0341391346997629,0.0,0.21665155164125,1207921575.0,140422876.0316829,1.0,SINGLE_CUTOFF,0.11547320448209,,
0.13596435453138858,,54381,0,29283,0.6499928284566838,0.0,0.3500071715433161,0.06380905095529689,,0.366082710104839,0.755461592670895,0.26719348245386765,722277125.0,0.0,485644450.0,27526094.078575686,0.0,112896781.95310722,0.03811015623480487,0.0,0.2324679751886534,1207921575.0,140422876.0316829,1.0,SINGLE_CUTOFF,0.13596435453138858,,
0.16256682009957604,,58565,0,25099,0.7000023905144387,0.0,0.2999976094855613,0.07127123708699735,,0.39905972349495994,0.7058491895701198,0.21710280104787402,782364675.0,0.0,425556900.0,33493050.344314262,0.0,106929825.68736866,0.042810023783747986,0.0,0.2512703370274778,1207921575.0,140422876.0316829,1.0,SINGLE_CUTOFF,0.16256682009957604,,
0.19642304411569916,,62748,0,20916,0.75,0.0,0.25,0.07960413080895008,,0.4396156052782559,0.6479915433403806,0.16871059677001468,843552225.0,0.0,364369350.0,40789422.055514485,0.0,99633453.97616842,0.04835435299280313,0.0,0.2734408203548636,1207921575.0,140422876.0316829,1.0,SINGLE_CUTOFF,0.19642304411569916,,
0.24170213662124707,,66931,0,16733,0.7999976094855613,0.0,0.20000239051443872,0.08930092184488503,,0.49082651048825676,0.5787878787878787,0.12263580620088091,908447900.0,0.0,299473675.0,50223993.73531787,0.0,90198882.29636504,0.055285497093799076,0.0,0.30119135612292147,1207921575.0,140422876.0316829,1.0,SINGLE_CUTOFF,0.24170213662124707,,
0.3057647045405235,,71114,0,12550,0.8499952189711226,0.0,0.1500047810288774,0.10255364625812076,,0.5495617529880478,0.48604651162790696,0.08136856953680513,976306725.0,0.0,231614850.0,62539298.18611065,0.0,77883577.84557226,0.0640570187469626,0.0,0.3362633175099622,1207921575.0,140422876.0316829,1.0,SINGLE_CUTOFF,0.3057647045405235,,
0.40001016517331023,,75297,0,8367,0.8999928284566838,0.0,0.10000717154331612,0.11888919877285947,,0.6260308354248835,0.3691331923890063,0.04503843164349253,1048776125.0,0.0,159145450.0,79432895.34358013,0.0,60989980.68810278,0.07573865713579257,0.0,0.38323420926016283,1207921575.0,140422876.0316829,1.0,SINGLE_CUTOFF,0.40001016517331023,,
0.5505607921776154,,79480,0,4184,0.9499904379422451,0.0,0.05000956205775483,0.14062657272269755,,0.7201242829827916,0.21233262861169838,0.016855226415637505,1126577250.0,0.0,81344325.0,103809851.1506122,0.0,36613024.8810707,0.09214623422460573,0.0,0.45009931400956,1207921575.0,140422876.0316829,1.0,SINGLE_CUTOFF,0.5505607921776154,,
