scenario_id,ead_scenario,lgd,account_count,total_ead_proxy,total_expected_loss_proxy,portfolio_el_rate,mean_p_bad_final,mean_lgd_proxy,claim_boundary,view
LGD_LOW_SEVERITY_Q25,EAD_0M,0.48967010746551115,310066,4469158350.0,386485890.0650621,0.08647845070539112,0.15604812219137484,0.48967010746551115,ANALYTICAL EXPECTED-LOSS PROXY; NOT IFRS 9; NOT BASEL; NOT REALIZED LOSS; NOT PRODUCTION ECL,SENSITIVITY
LGD_LOW_SEVERITY_Q25,EAD_6M,0.48967010746551115,310066,3933378918.8966465,350606636.6221491,0.0891362474481604,0.15604812219137484,0.48967010746551115,ANALYTICAL EXPECTED-LOSS PROXY; NOT IFRS 9; NOT BASEL; NOT REALIZED LOSS; NOT PRODUCTION ECL,SENSITIVITY
LGD_LOW_SEVERITY_Q25,EAD_12M,0.48967010746551115,310066,3364104333.2269974,311726598.6332542,0.09266258348599797,0.15604812219137484,0.48967010746551115,ANALYTICAL EXPECTED-LOSS PROXY; NOT IFRS 9; NOT BASEL; NOT REALIZED LOSS; NOT PRODUCTION ECL,SENSITIVITY
LGD_LOW_SEVERITY_Q25,EAD_18M,0.48967010746551115,310066,2758935032.590508,269570427.20299804,0.09770814608486243,0.15604812219137484,0.48967010746551115,ANALYTICAL EXPECTED-LOSS PROXY; NOT IFRS 9; NOT BASEL; NOT REALIZED LOSS; NOT PRODUCTION ECL,SENSITIVITY
LGD_LOW_SEVERITY_Q25,EAD_24M,0.48967010746551115,310066,2115276689.2182667,223835343.26554075,0.10581847018238667,0.15604812219137484,0.48967010746551115,ANALYTICAL EXPECTED-LOSS PROXY; NOT IFRS 9; NOT BASEL; NOT REALIZED LOSS; NOT PRODUCTION ECL,SENSITIVITY
LGD_CENTRAL_Q50,EAD_0M,0.667384888,310066,4469158350.0,526752273.6678772,0.11786386438240148,0.15604812219137484,0.667384888,ANALYTICAL EXPECTED-LOSS PROXY; NOT IFRS 9; NOT BASEL; NOT REALIZED LOSS; NOT PRODUCTION ECL,EL_MAIN_ANALYTICAL
LGD_CENTRAL_Q50,EAD_6M,0.667384888,310066,3933378918.8966465,477851450.0818497,0.12148624882951577,0.15604812219137484,0.667384888,ANALYTICAL EXPECTED-LOSS PROXY; NOT IFRS 9; NOT BASEL; NOT REALIZED LOSS; NOT PRODUCTION ECL,SENSITIVITY
LGD_CENTRAL_Q50,EAD_12M,0.667384888,310066,3364104333.2269974,424860774.51670504,0.12629238942454554,0.15604812219137484,0.667384888,ANALYTICAL EXPECTED-LOSS PROXY; NOT IFRS 9; NOT BASEL; NOT REALIZED LOSS; NOT PRODUCTION ECL,SENSITIVITY
LGD_CENTRAL_Q50,EAD_18M,0.667384888,310066,2758935032.590508,367404966.3725008,0.1331691257794951,0.15604812219137484,0.667384888,ANALYTICAL EXPECTED-LOSS PROXY; NOT IFRS 9; NOT BASEL; NOT REALIZED LOSS; NOT PRODUCTION ECL,SENSITIVITY
LGD_CENTRAL_Q50,EAD_24M,0.667384888,310066,2115276689.2182667,305071359.71381724,0.14422291006599286,0.15604812219137484,0.667384888,ANALYTICAL EXPECTED-LOSS PROXY; NOT IFRS 9; NOT BASEL; NOT REALIZED LOSS; NOT PRODUCTION ECL,SENSITIVITY
LGD_ADVERSE_Q75,EAD_0M,0.7902973489584245,310066,4469158350.0,623764386.8219352,0.13957088515826144,0.15604812219137484,0.7902973489584245,ANALYTICAL EXPECTED-LOSS PROXY; NOT IFRS 9; NOT BASEL; NOT REALIZED LOSS; NOT PRODUCTION ECL,SENSITIVITY
LGD_ADVERSE_Q75,EAD_6M,0.7902973489584245,310066,3933378918.8966465,565857484.917496,0.14386040515929363,0.15604812219137484,0.7902973489584245,ANALYTICAL EXPECTED-LOSS PROXY; NOT IFRS 9; NOT BASEL; NOT REALIZED LOSS; NOT PRODUCTION ECL,SENSITIVITY
LGD_ADVERSE_Q75,EAD_12M,0.7902973489584245,310066,3364104333.2269974,503107501.85427475,0.14955169400815577,0.15604812219137484,0.7902973489584245,ANALYTICAL EXPECTED-LOSS PROXY; NOT IFRS 9; NOT BASEL; NOT REALIZED LOSS; NOT PRODUCTION ECL,SENSITIVITY
LGD_ADVERSE_Q75,EAD_18M,0.7902973489584245,310066,2758935032.590508,435070041.49957097,0.15769492081553693,0.15604812219137484,0.7902973489584245,ANALYTICAL EXPECTED-LOSS PROXY; NOT IFRS 9; NOT BASEL; NOT REALIZED LOSS; NOT PRODUCTION ECL,SENSITIVITY
LGD_ADVERSE_Q75,EAD_24M,0.7902973489584245,310066,2115276689.2182667,361256437.1175448,0.17078448363700954,0.15604812219137484,0.7902973489584245,ANALYTICAL EXPECTED-LOSS PROXY; NOT IFRS 9; NOT BASEL; NOT REALIZED LOSS; NOT PRODUCTION ECL,SENSITIVITY
LGD_SEVERE_Q90,EAD_0M,0.865786,310066,4469158350.0,683345925.582026,0.1529025986698426,0.15604812219137484,0.865786,ANALYTICAL EXPECTED-LOSS PROXY; NOT IFRS 9; NOT BASEL; NOT REALIZED LOSS; NOT PRODUCTION ECL,SENSITIVITY
LGD_SEVERE_Q90,EAD_6M,0.865786,310066,3933378918.8966465,619907796.8342675,0.15760185062672732,0.15604812219137484,0.865786,ANALYTICAL EXPECTED-LOSS PROXY; NOT IFRS 9; NOT BASEL; NOT REALIZED LOSS; NOT PRODUCTION ECL,SENSITIVITY
LGD_SEVERE_Q90,EAD_12M,0.865786,310066,3364104333.2269974,551163979.1965442,0.16383676741316858,0.15604812219137484,0.865786,ANALYTICAL EXPECTED-LOSS PROXY; NOT IFRS 9; NOT BASEL; NOT REALIZED LOSS; NOT PRODUCTION ECL,SENSITIVITY
LGD_SEVERE_Q90,EAD_18M,0.865786,310066,2758935032.590508,476627628.1278068,0.17275782956015323,0.15604812219137484,0.865786,ANALYTICAL EXPECTED-LOSS PROXY; NOT IFRS 9; NOT BASEL; NOT REALIZED LOSS; NOT PRODUCTION ECL,SENSITIVITY
LGD_SEVERE_Q90,EAD_24M,0.865786,310066,2115276689.2182667,395763399.78676134,0.18709769828410572,0.15604812219137484,0.865786,ANALYTICAL EXPECTED-LOSS PROXY; NOT IFRS 9; NOT BASEL; NOT REALIZED LOSS; NOT PRODUCTION ECL,SENSITIVITY
